ts_s,frame,snapshot,filename,verts,tris
0.978227,25,0,mesh_0000.ply,4879,4175
1.989564,49,1,mesh_0001.ply,4879,4175
1.989564,49,2,mesh_0002.ply,4882,4177
